Название светильника,Цена,Ссылка на светильник
Люстра Ливсден Brown,19 790руб.,https://www.divan.ru/product/lyustra-livsden-brown
Подвесной светильник Ливсден Brown,5050руб.,https://www.divan.ru/product/podvesnoj-svetilnik-livsden-brown
Настольная лампа Ливсден Brown,8790руб.,https://www.divan.ru/product/nastolnaya-lampa-livsden-brown
Торшер Ливсден Brown,13 190руб.,https://www.divan.ru/product/torsher-livsden-brown
Бра Флиммер Black,1750руб.,https://www.divan.ru/product/bra-flimmer-black
Люстра Флиммер Black,7690руб.,https://www.divan.ru/product/lyustra-flimmer-black
Подвесной светильник Флиммер Black,1970руб.,https://www.divan.ru/product/podvesnoj-svetilnik-flimmer-black
Настольная лампа Флиммер Black,2520руб.,https://www.divan.ru/product/nastolnaya-lampa-flimmer-black
Торшер Флиммер Black,5490руб.,https://www.divan.ru/product/torsher-flimmer-black
Настольная лампа Нидлс Raffia Beige,5490руб.,https://www.divan.ru/product/nastolnaya-lampa-nidls-raffia-beige
Люстра Гейза Black,10 550руб.,https://www.divan.ru/product/lyustra-gejza-black
Настольная лампа Гейза Black,3290руб.,https://www.divan.ru/product/nastolnaya-lampa-gejza-black
Настольная лампа Гейза Pink,3290руб.,https://www.divan.ru/product/nastolnaya-lampa-gejza-pink
Настольная лампа Гейза Blue,3290руб.,https://www.divan.ru/product/nastolnaya-lampa-gejza-blue
Настольная лампа Гейза Orange,3290руб.,https://www.divan.ru/product/nastolnaya-lampa-gejza-orange
Настольная лампа Алней Black,4390руб.,https://www.divan.ru/product/nastolnaya-lampa-alnej-black
Настольная лампа Алней Beige,4390руб.,https://www.divan.ru/product/nastolnaya-lampa-alnej-beige
Настольная лампа Алней Green,4390руб.,https://www.divan.ru/product/nastolnaya-lampa-alnej-green
Настольная лампа Алней Orange,4390руб.,https://www.divan.ru/product/nastolnaya-lampa-alnej-orange
Торшер Алней Green,8790руб.,https://www.divan.ru/product/torsher-alnej-green
Торшер Алней Black,8790руб.,https://www.divan.ru/product/torsher-alnej-black
Торшер Алней Orange,8790руб.,https://www.divan.ru/product/torsher-alnej-orange
Торшер Алней Beige,8790руб.,https://www.divan.ru/product/torsher-alnej-beige
Настольная лампа Арбет Orange,2190руб.,https://www.divan.ru/product/nastolnaya-lampa-arbet-orange
Настольная лампа Арбет Silver,3180руб.,https://www.divan.ru/product/nastolnaya-lampa-arbet-silver
Настольная лампа Арбет Beige,2190руб.,https://www.divan.ru/product/nastolnaya-lampa-arbet-beige
Настольная лампа Арбет White,2190руб.,https://www.divan.ru/product/nastolnaya-lampa-arbet-white
Настольная лампа Арбет Black,2190руб.,https://www.divan.ru/product/nastolnaya-lampa-arbet-black
Настольная лампа Синдри Grey,4390руб.,https://www.divan.ru/product/nastolnaya-lampa-sindri-grey
Люстра Синдри Black,14 290руб.,https://www.divan.ru/product/lyustra-sindri-black
Настольная лампа Манэт White,2520руб.,https://www.divan.ru/product/nastolnaya-lampa-manet-white
Настольная лампа Леррет Beige,4390руб.,https://www.divan.ru/product/nastolnaya-lampa-lerret-beige
Настольная лампа Леррет White,2190руб.,https://www.divan.ru/product/nastolnaya-lampa-lerret-white
Настольная лампа Истад Black,1860руб.,https://www.divan.ru/product/nastolnaya-lampa-istad-black
Настольная лампа Истад White,1860руб.,https://www.divan.ru/product/nastolnaya-lampa-istad-white
Люстра Боллар White,25 290руб.,https://www.divan.ru/product/lyustra-bollar-white
Настольная лампа Рибе Black,1750руб.,https://www.divan.ru/product/nastolnaya-lampa-ribe-black
Настольная лампа Рибе Orange,2080руб.,https://www.divan.ru/product/nastolnaya-lampa-ribe-orange
Настольная лампа Снибальд White,540руб.,https://www.divan.ru/product/nastolnaya-lampa-snibald-white
Настольная лампа Спайк Pink,1420руб.,https://www.divan.ru/product/nastolnaya-lampa-spajk-pink
Настольная лампа Спайк White,1420руб.,https://www.divan.ru/product/nastolnaya-lampa-spajk-white
Настольная лампа Астри Black,1420руб.,https://www.divan.ru/product/nastolnaya-lampa-astri-black
Настольная лампа Астри Beige,1420руб.,https://www.divan.ru/product/nastolnaya-lampa-astri-beige
Настольная лампа Спайк Green,1090руб.,https://www.divan.ru/product/nastolnaya-lampa-spajk-green
Подвесной светильник Клауд White,10 990руб.,https://www.divan.ru/product/podvesnoj-svetilnik-klaud-white
Торшер Клауд White,20 120руб.,https://www.divan.ru/product/torsher-klaud-white
Настольная лампа Клауд White,17 590руб.,https://www.divan.ru/product/nastolnaya-lampa-klaud-white
Настольная лампа Машрум Olive,4390руб.,https://www.divan.ru/product/nastolnaya-lampa-mashrum-olive
