Название светильника,"Цена, руб.",Ссылка на светильник
Люстра Ливсден Brown,18 690,https://www.divan.ru/product/lyustra-livsden-brown
Подвесной светильник Ливсден Brown,5050,https://www.divan.ru/product/podvesnoj-svetilnik-livsden-brown
Настольная лампа Ливсден Brown,8350,https://www.divan.ru/product/nastolnaya-lampa-livsden-brown
Торшер Ливсден Brown,13 190,https://www.divan.ru/product/torsher-livsden-brown
Бра Флиммер Black,1860,https://www.divan.ru/product/bra-flimmer-black
Люстра Флиммер Black,7690,https://www.divan.ru/product/lyustra-flimmer-black
Подвесной светильник Флиммер Black,1970,https://www.divan.ru/product/podvesnoj-svetilnik-flimmer-black
Настольная лампа Флиммер Black,3290,https://www.divan.ru/product/nastolnaya-lampa-flimmer-black
Торшер Флиммер Black,5490,https://www.divan.ru/product/torsher-flimmer-black
Настольная лампа Нидлс Raffia Beige,5490,https://www.divan.ru/product/nastolnaya-lampa-nidls-raffia-beige
Люстра Гейза Black,9890,https://www.divan.ru/product/lyustra-gejza-black
Настольная лампа Гейза Black,4390,https://www.divan.ru/product/nastolnaya-lampa-gejza-black
Настольная лампа Гейза Pink,2850,https://www.divan.ru/product/nastolnaya-lampa-gejza-pink
Настольная лампа Гейза Blue,4390,https://www.divan.ru/product/nastolnaya-lampa-gejza-blue
Настольная лампа Гейза Orange,2850,https://www.divan.ru/product/nastolnaya-lampa-gejza-orange
Настольная лампа Алней Black,4390,https://www.divan.ru/product/nastolnaya-lampa-alnej-black
Настольная лампа Алней Beige,4390,https://www.divan.ru/product/nastolnaya-lampa-alnej-beige
Настольная лампа Алней Green,4390,https://www.divan.ru/product/nastolnaya-lampa-alnej-green
Настольная лампа Алней Orange,4390,https://www.divan.ru/product/nastolnaya-lampa-alnej-orange
Торшер Алней Green,8790,https://www.divan.ru/product/torsher-alnej-green
Торшер Алней Black,8790,https://www.divan.ru/product/torsher-alnej-black
Торшер Алней Orange,8790,https://www.divan.ru/product/torsher-alnej-orange
Торшер Алней Beige,8790,https://www.divan.ru/product/torsher-alnej-beige
Настольная лампа Арбет Orange,2630,https://www.divan.ru/product/nastolnaya-lampa-arbet-orange
Настольная лампа Арбет Silver,2850,https://www.divan.ru/product/nastolnaya-lampa-arbet-silver
Настольная лампа Арбет Beige,2080,https://www.divan.ru/product/nastolnaya-lampa-arbet-beige
Настольная лампа Арбет White,2080,https://www.divan.ru/product/nastolnaya-lampa-arbet-white
Настольная лампа Арбет Black,2080,https://www.divan.ru/product/nastolnaya-lampa-arbet-black
Настольная лампа Синдри Grey,4830,https://www.divan.ru/product/nastolnaya-lampa-sindri-grey
Люстра Синдри Black,15 390,https://www.divan.ru/product/lyustra-sindri-black
Настольная лампа Манэт White,2520,https://www.divan.ru/product/nastolnaya-lampa-manet-white
Настольная лампа Леррет Beige,4390,https://www.divan.ru/product/nastolnaya-lampa-lerret-beige
Настольная лампа Леррет White,2850,https://www.divan.ru/product/nastolnaya-lampa-lerret-white
Настольная лампа Истад Black,1750,https://www.divan.ru/product/nastolnaya-lampa-istad-black
Настольная лампа Истад White,1750,https://www.divan.ru/product/nastolnaya-lampa-istad-white
Люстра Боллар White,25 290,https://www.divan.ru/product/lyustra-bollar-white
Настольная лампа Рибе Black,2080,https://www.divan.ru/product/nastolnaya-lampa-ribe-black
Настольная лампа Рибе Orange,2080,https://www.divan.ru/product/nastolnaya-lampa-ribe-orange
Настольная лампа Снибальд White,540,https://www.divan.ru/product/nastolnaya-lampa-snibald-white
Настольная лампа Спайк Pink,1420,https://www.divan.ru/product/nastolnaya-lampa-spajk-pink
Настольная лампа Спайк White,1420,https://www.divan.ru/product/nastolnaya-lampa-spajk-white
Настольная лампа Астри Black,1420,https://www.divan.ru/product/nastolnaya-lampa-astri-black
Настольная лампа Астри Beige,1530,https://www.divan.ru/product/nastolnaya-lampa-astri-beige
Настольная лампа Спайк Green,1090,https://www.divan.ru/product/nastolnaya-lampa-spajk-green
Подвесной светильник Клауд White,12 090,https://www.divan.ru/product/podvesnoj-svetilnik-klaud-white
Торшер Клауд White,20 120,https://www.divan.ru/product/torsher-klaud-white
Настольная лампа Клауд White,17 590,https://www.divan.ru/product/nastolnaya-lampa-klaud-white
Настольная лампа Машрум Olive,4390,https://www.divan.ru/product/nastolnaya-lampa-mashrum-olive
Настольная лампа Машрум Pink,4390,https://www.divan.ru/product/nastolnaya-lampa-mashrum-pink
Настольная лампа Машрум Gold,5490,https://www.divan.ru/product/nastolnaya-lampa-mashrum-gold
Настольная лампа Машрум Grey,5050,https://www.divan.ru/product/nastolnaya-lampa-mashrum-grey
Бра Берит Black,4390,https://www.divan.ru/product/bra-berit-black
Бра Берит Orange,4390,https://www.divan.ru/product/bra-berit-orange
Бра Бракетт Black,4390,https://www.divan.ru/product/bra-brakett-black
Бра Бракетт White,4390,https://www.divan.ru/product/bra-brakett-white
Подвесной светильник Малинг Olive,6150,https://www.divan.ru/product/podvesnoj-svetilnik-maling-olive
Подвесной светильник Малинг Orange,7360,https://www.divan.ru/product/podvesnoj-svetilnik-maling-orange
Подвесной светильник Малинг Black,6150,https://www.divan.ru/product/podvesnoj-svetilnik-maling-black
Подвесной светильник Малинг Beige,6150,https://www.divan.ru/product/podvesnoj-svetilnik-maling-beige
Люстра Малинг Multi,16 490,https://www.divan.ru/product/lyustra-maling-multi
Торшер Осло Blue,19 790,https://www.divan.ru/product/torsher-oslo-blue
Торшер Осло Black,18 690,https://www.divan.ru/product/torsher-oslo-black
Торшер Энкель Black,6150,https://www.divan.ru/product/torsher-enkel-black
Настольная лампа Требен White,2850,https://www.divan.ru/product/nastolnaya-lampa-treben-white
Настольная лампа Требен Orange,2850,https://www.divan.ru/product/nastolnaya-lampa-treben-orange
Подвесной светильник Сансет Black,5050,https://www.divan.ru/product/podvesnoj-svetilnik-sanset-black
Торшер Рэй Black,5820,https://www.divan.ru/product/torsher-rej-black
Торшер Раффи Round,12 860,https://www.divan.ru/product/torsher-raffi-round
Настольная лампа Гросс White,5160,https://www.divan.ru/product/nastolnaya-lampa-gross-white
Настольная лампа Сканди White,5160,https://www.divan.ru/product/nastolnaya-lampa-skandi-white
Торшер Сканди White,10 990,https://www.divan.ru/product/torsher-skandi-white
Подвесной светильник Бабл-9,21 990,https://www.divan.ru/product/podvesnoj-svetilnik-babl-9
Торшер Бабл-1,8790,https://www.divan.ru/product/torsher-babl-1
Подвесной светильник Бабл-3,6590,https://www.divan.ru/product/podvesnoj-svetilnik-babl-3
Бра Бабл Black,2740,https://www.divan.ru/product/bra-babl-black
Настольная лампа Дэнди Black,6590,https://www.divan.ru/product/nastolnaya-lampa-dendi-black
Настольная лампа Дэнди White,6590,https://www.divan.ru/product/nastolnaya-lampa-dendi-white
Торшер Варио White,8350,https://www.divan.ru/product/torsher-vario-white
Бра Варио Black,1640,https://www.divan.ru/product/bra-vario-black
Бра Варио White,1640,https://www.divan.ru/product/bra-vario-white
Подвесной светильник Сансет White,5050,https://www.divan.ru/product/podvesnoj-svetilnik-sanset-white
Подвесной светильник Кэндел Black,4390,https://www.divan.ru/product/podvesnoj-svetilnik-kendel-black
Подвесной светильник Кэндел White,4390,https://www.divan.ru/product/podvesnoj-svetilnik-kendel-white
Торшер Мун Black,9890,https://www.divan.ru/product/torsher-mun-black
Бра Moderli Alina,3290,https://www.divan.ru/product/bra-moderli-alina
Подвесной светильник Маро Green,8350,https://www.divan.ru/product/podvesnoj-svetilnik-maro-green
Светильник потолочный Matthew,6260,https://www.divan.ru/product/svetilnik-potolochnyj-matthew
Настольная лампа Junior-1,4830,https://www.divan.ru/product/nastolnaya-lampa-junior-1
Настольная лампа Сфера Black,5930,https://www.divan.ru/product/nastolnaya-lampa-sfera-black
Настольная лампа Taeda,5490,https://www.divan.ru/product/nastolnaya-lampa-taeda
Бра Galdakao-1,7250,https://www.divan.ru/product/bra-galdakao
Подвесной светильник Лума Gold,5490,https://www.divan.ru/product/podvesnoj-svetilnik-luma-gold
Люстра Монти-5 White,18 910,https://www.divan.ru/product/lyustra-monti-5-white
Торшер Билли White,21 660,https://www.divan.ru/product/torsher-billi-white
Подвесной светильник Ори Gold,3400,https://www.divan.ru/product/podvesnoj-svetilnik-ori-gold
Подвесной светильник Volare,5050,https://www.divan.ru/product/podvesnoj-svetilnik-volare
Бра Bolla-Unica,5820,https://www.divan.ru/product/bra-bolla-unica
Подвесной светильник Онтарио Olive,11 540,https://www.divan.ru/product/podvesnoj-svetilnik-ontario-olive
Подвесной светильник Онтарио Brown,13 630,https://www.divan.ru/product/podvesnoj-svetilnik-ontario-brown
Настольная лампа Moderli Suspent,4280,https://www.divan.ru/product/nastolnaya-lampa-moderli-suspent
Подвесной светильник Онтарио Gray,13 630,https://www.divan.ru/product/podvesnoj-svetilnik-ontario-gray
Торшер Moderli Suspent,8350,https://www.divan.ru/product/torsher-moderli-suspent
Подвесной светильник Альта Black,4720,https://www.divan.ru/product/podvesnoj-svetilnik-alta-black
Подвесной светильник Narices-1,33 320,https://www.divan.ru/product/podvesnoj-svetilnik-narices-1
Подвесной светильник Селф Gold,4830,https://www.divan.ru/product/podvesnoj-svetilnik-self-gold
Подвесной светильник Кая Black,3180,https://www.divan.ru/product/podvesnoj-svetilnik-kaya-black
Подвесной светильник Эйр White,6920,https://www.divan.ru/product/podvesnoj-svetilnik-ejr-white
Подвесной светильник Селф White,4500,https://www.divan.ru/product/podvesnoj-svetilnik-self-white
Светильник потолочный Банджи White,8570,https://www.divan.ru/product/svetilnik-potolochnyj-bandji-white
Подвесной светильник Moderli Lewes,16 160,https://www.divan.ru/product/podvesnoj-svetilnik-moderli-lewes
Бра Cornus White,5820,https://www.divan.ru/product/bra-cornus-white
Подвесной светильник Клэри Brown,10 440,https://www.divan.ru/product/podvesnoj-svetilnik-kleri-brown
Подвесной светильник Вэлли Gray,7140,https://www.divan.ru/product/podvesnoj-svetilnik-velli-gray
Бра Равелло Black,6480,https://www.divan.ru/product/bra-ravello-black
Подвесной светильник Талли Black,8240,https://www.divan.ru/product/podvesnoj-svetilnik-talli-black
Спот Лайт-1 White,3180,https://www.divan.ru/product/spot-lajt-1-white
Подвесной светильник Вэлли Olive,7140,https://www.divan.ru/product/podvesnoj-svetilnik-velli-olive
Подвесной светильник Полярик Silver,6150,https://www.divan.ru/product/podvesnoj-svetilnik-polyarik-silver
Бра Nevy Silver,9560,https://www.divan.ru/product/bra-nevy-silver
Подвесной светильник Агато Black,10 440,https://www.divan.ru/product/podvesnoj-svetilnik-agato-black
Подвесной светильник Priddy,10 880,https://www.divan.ru/product/podvesnoj-svetilnik-priddy
Бра Твинки Black,4060,https://www.divan.ru/product/bra-tvinki-black
Подвесной светильник Дроп Beige,3840,https://www.divan.ru/product/podvesnoj-svetilnik-drop-beige
Подвесной светильник Фиона Black,3290,https://www.divan.ru/product/podvesnoj-svetilnik-fiona-black
Подвесной светильник Moderli Alina,12 090,https://www.divan.ru/product/podvesnoj-svetilnik-moderli-alina
Настольная лампа Омаха White,11 540,https://www.divan.ru/product/nastolnaya-lampa-omaha-white
Подвесной светильник Эллис-1 Black,2630,https://www.divan.ru/product/podvesnoj-svetilnik-ellis-1-black
Бра Pinocchio,8790,https://www.divan.ru/product/bra-pinocchio
Подвесной светильник Агато Brown,10 440,https://www.divan.ru/product/podvesnoj-svetilnik-agato-brown
Подвесной светильник Moderli Host-1,4830,https://www.divan.ru/product/podvesnoj-svetilnik-moderli-host-1
Подвесной светильник Ори White,3290,https://www.divan.ru/product/podvesnoj-svetilnik-ori-white
Люстра Джеоми White,15 280,https://www.divan.ru/product/lyustra-djeomi-white
Подвесной светильник Селф Gray,4390,https://www.divan.ru/product/podvesnoj-svetilnik-self-gray
Подвесной светильник Moderli Martin-1,5820,https://www.divan.ru/product/podvesnoj-svetilnik-moderli-martin-1
Подвесной светильник Минки-1 Black,3290,https://www.divan.ru/product/podvesnoj-svetilnik-minki-1-black
Бра Техно Стрикт-2 White,2190,https://www.divan.ru/product/bra-tehno-strikt-2-white
Подвесной светильник Ринна White,6150,https://www.divan.ru/product/podvesnoj-svetilnik-rinna-white
Бра Леон Black,2630,https://www.divan.ru/product/bra-leon-black
Подвесной светильник Эйр Brown,6590,https://www.divan.ru/product/podvesnoj-svetilnik-ejr-brown
Подвесной светильник Ридж White,3620,https://www.divan.ru/product/podvesnoj-svetilnik-ridj-white
Подвесной светильник Дроп Gray,3290,https://www.divan.ru/product/podvesnoj-svetilnik-drop-gray
Люстра Лима-5 White,10 770,https://www.divan.ru/product/lyustra-lima-5-white
Подвесной светильник Юта Beige,16 270,https://www.divan.ru/product/podvesnoj-svetilnik-yuta-beige
Бра Брик Black,4610,https://www.divan.ru/product/bra-brik-black
